"Cluster","cholesterol (Mean)","stab.glucose (Mean)","hdl (Mean)","height (cm) (Mean)","weight (kg) (Mean)","waist (cm) (Mean)","hip (Mean)","bp.1sfinal (Mean)","bp.1dfinal (Mean)","Male (Mean)","Jejum (Mean)","Intermedio (Mean)","Pos_prandial (Mean)"
"cluster_0",0.4739273790116801,0.4416354456861678,0.4852137983040735,0.3938616354750417,0.4324937791237587,0.4695452973292454,0.5457713354743725,0.42300245707468165,0.44754525945370055,0,0.2425149700598803,0.4341317365269462,0.29940119760479045
"cluster_1",0.4948255966223682,0.43134079272078785,0.4616210419927773,0.6304901549622025,0.45570338698371465,0.43425975367584174,0.4399971846746091,0.45273469181437626,0.472007032031532,1,0.27848101265822767,0.39240506329113944,0.2995780590717298
